"id","loc_code","proc_code","valid_from","valid_until","patho_division","accountin_profile"
1000,6719,5650,2022-03-14 23:00:00.000 +0000,,0,
1001,6719,5651,2022-03-14 23:00:00.000 +0000,,0,
1002,6719,5654,2022-03-14 23:00:00.000 +0000,,0,
1003,8214,5652,2022-03-14 23:00:00.000 +0000,,0,
1004,6717,5653,2022-12-31 23:00:00.000 +0000,,1,
1005,6729,5574,2022-03-14 23:00:00.000 +0000,,1,
1006,6748,5559,2022-03-14 23:00:00.000 +0000,,1,
1007,6751,5538,2022-03-14 23:00:00.000 +0000,,1,
1008,6751,9954,2024-12-31 23:00:00.000 +0000,,1,
1009,6751,5543,2022-03-14 23:00:00.000 +0000,,1,
1010,6751,5548,2022-03-14 23:00:00.000 +0000,,1,
1011,6751,5559,2022-03-14 23:00:00.000 +0000,,1,
1012,6751,5573,2022-03-14 23:00:00.000 +0000,,1,
1013,6751,5574,2022-03-14 23:00:00.000 +0000,,1,
1014,6752,5538,2022-03-14 23:00:00.000 +0000,,1,
1015,6752,5559,2022-03-14 23:00:00.000 +0000,,1,
1016,6818,5542,2022-03-14 23:00:00.000 +0000,,1,
1017,6818,5558,2022-12-31 23:00:00.000 +0000,,1,
1018,6818,5562,2022-12-31 23:00:00.000 +0000,,1,
1019,6832,5527,2022-03-14 23:00:00.000 +0000,,1,
1020,6832,5538,2022-03-14 23:00:00.000 +0000,,1,
1021,6832,5548,2022-03-14 23:00:00.000 +0000,,1,
1022,6832,5553,2022-03-14 23:00:00.000 +0000,,1,
1023,6832,5560,2022-03-14 23:00:00.000 +0000,,1,
1024,6832,5562,2022-12-31 23:00:00.000 +0000,,1,
1025,6832,5603,2022-12-31 23:00:00.000 +0000,,1,
1026,6836,5537,2022-03-14 23:00:00.000 +0000,,1,
1027,6847,5537,2022-12-31 23:00:00.000 +0000,,1,
1028,6878,5526,2022-12-31 23:00:00.000 +0000,,1,
1029,6878,5562,2022-03-14 23:00:00.000 +0000,,1,
1030,6878,5571,2022-12-31 23:00:00.000 +0000,,1,
1031,6878,5574,2022-03-14 23:00:00.000 +0000,,1,
1032,6878,5575,2022-03-14 23:00:00.000 +0000,,1,
1033,6878,5576,2022-03-14 23:00:00.000 +0000,,1,
1034,6878,5577,2022-03-14 23:00:00.000 +0000,,1,
1035,6878,5578,2022-03-14 23:00:00.000 +0000,,1,
1036,6878,5579,2022-03-14 23:00:00.000 +0000,,1,
1037,6916,5527,2022-12-31 23:00:00.000 +0000,,1,
1038,6916,5562,2022-12-31 23:00:00.000 +0000,,1,
1039,6923,5523,2022-03-14 23:00:00.000 +0000,,1,
1040,6923,5527,2022-03-14 23:00:00.000 +0000,,1,
1041,6923,5539,2024-12-31 23:00:00.000 +0000,,1,
1042,6923,5540,2022-03-14 23:00:00.000 +0000,,1,
1043,6923,5541,2024-12-31 23:00:00.000 +0000,,1,
1044,6923,5554,2022-03-14 23:00:00.000 +0000,,1,
1045,6923,5558,2024-12-31 23:00:00.000 +0000,,1,
1046,6923,5562,2022-03-14 23:00:00.000 +0000,,1,
1047,7020,5550,2022-03-14 23:00:00.000 +0000,,1,
1048,7020,5551,2022-03-14 23:00:00.000 +0000,,1,
1049,7021,5527,2022-03-14 23:00:00.000 +0000,,1,
1050,7021,5562,2022-03-14 23:00:00.000 +0000,,1,
1051,7021,5585,2022-03-14 23:00:00.000 +0000,,1,
1052,7050,5527,2024-12-31 23:00:00.000 +0000,,1,
1053,7050,5558,2024-12-31 23:00:00.000 +0000,,1,
1054,7093,5559,2022-12-31 23:00:00.000 +0000,,1,
1055,7122,5527,2022-03-14 23:00:00.000 +0000,,1,
1056,7122,5558,2024-12-31 23:00:00.000 +0000,,1,
1057,7130,5527,2022-03-14 23:00:00.000 +0000,,1,
1058,7131,5527,2022-03-14 23:00:00.000 +0000,,1,
1059,7132,5527,2022-03-14 23:00:00.000 +0000,,1,
1060,7136,5527,2022-03-14 23:00:00.000 +0000,,1,
1061,7139,5527,2022-03-14 23:00:00.000 +0000,,1,
1062,7139,5558,2022-12-31 23:00:00.000 +0000,,1,
1063,7139,5559,2022-12-31 23:00:00.000 +0000,,1,
1064,7142,5527,2022-03-14 23:00:00.000 +0000,,1,
1065,7142,5558,2022-12-31 23:00:00.000 +0000,,1,
1066,7142,5559,2022-12-31 23:00:00.000 +0000,,1,
1067,7151,5527,2022-03-14 23:00:00.000 +0000,,1,
1068,7151,5534,2022-03-14 23:00:00.000 +0000,,1,
1069,7151,5559,2022-03-14 23:00:00.000 +0000,,1,
1070,7151,5562,2022-03-14 23:00:00.000 +0000,,1,
1071,7154,5558,2022-12-31 23:00:00.000 +0000,,1,
1072,7154,5571,2022-12-31 23:00:00.000 +0000,,1,
1073,7172,5527,2024-12-31 23:00:00.000 +0000,,1,
1074,7172,5581,2022-03-14 23:00:00.000 +0000,,1,
1075,7172,5585,2022-03-14 23:00:00.000 +0000,,1,
1076,7182,5527,2022-03-14 23:00:00.000 +0000,,1,
1077,7182,5558,2022-12-31 23:00:00.000 +0000,,1,
1078,7182,5585,2022-12-31 23:00:00.000 +0000,,1,
1079,7188,5527,2022-12-31 23:00:00.000 +0000,,1,
1080,7188,5558,2022-03-14 23:00:00.000 +0000,,1,
1081,7188,5559,2022-03-14 23:00:00.000 +0000,,1,
1082,7189,5547,2024-12-31 23:00:00.000 +0000,,1,
1083,7194,5527,2022-03-14 23:00:00.000 +0000,,1,
1084,7194,5558,2022-03-14 23:00:00.000 +0000,,1,
1085,7194,5559,2022-03-14 23:00:00.000 +0000,,1,
1086,7205,5527,2022-03-14 23:00:00.000 +0000,,1,
1087,7205,5558,2022-03-14 23:00:00.000 +0000,,1,
1088,7205,5559,2022-03-14 23:00:00.000 +0000,,1,
1089,7211,5559,2022-03-14 23:00:00.000 +0000,,1,
1090,7217,5593,2022-03-14 23:00:00.000 +0000,,1,
1091,7230,5527,2024-12-31 23:00:00.000 +0000,,1,
1092,7230,5543,2022-03-14 23:00:00.000 +0000,,1,
1093,7230,5553,2022-03-14 23:00:00.000 +0000,,1,
1094,7230,5561,2022-03-14 23:00:00.000 +0000,,1,
1095,7230,5562,2022-03-14 23:00:00.000 +0000,,1,
1096,7246,5561,2022-03-14 23:00:00.000 +0000,,1,
1097,7246,5562,2022-03-14 23:00:00.000 +0000,,1,
1098,7252,5527,2024-12-31 23:00:00.000 +0000,,1,
1099,7252,5581,2024-12-31 23:00:00.000 +0000,,1,
1100,7252,5585,2024-12-31 23:00:00.000 +0000,,1,
1101,7277,5527,2024-12-31 23:00:00.000 +0000,,1,
1102,7277,5537,2022-03-14 23:00:00.000 +0000,,1,
1103,7277,5558,2022-12-31 23:00:00.000 +0000,,1,
1104,7277,5593,2022-12-31 23:00:00.000 +0000,,1,
1105,7317,5527,2024-12-31 23:00:00.000 +0000,,1,
1106,7338,5527,2022-12-31 23:00:00.000 +0000,,1,
1107,7338,5559,2022-03-14 23:00:00.000 +0000,,1,
1108,7353,5527,2024-12-31 23:00:00.000 +0000,,1,
1109,7382,5559,2022-03-14 23:00:00.000 +0000,,1,
1110,7494,5527,2022-03-14 23:00:00.000 +0000,,1,
1111,7494,5553,2024-12-31 23:00:00.000 +0000,,1,
1112,7494,5559,2022-12-31 23:00:00.000 +0000,,1,
1113,7494,5574,2024-12-31 23:00:00.000 +0000,,1,
1114,7507,5543,2022-03-14 23:00:00.000 +0000,,1,
1115,7507,5558,2022-03-14 23:00:00.000 +0000,,1,
1116,7507,5559,2022-12-31 23:00:00.000 +0000,,1,
1117,7507,5574,2022-03-14 23:00:00.000 +0000,,1,
1118,7524,5527,2022-03-14 23:00:00.000 +0000,,1,
1119,7524,5553,2022-03-14 23:00:00.000 +0000,,1,
1120,7524,5559,2022-03-14 23:00:00.000 +0000,,1,
1121,7524,5562,2022-12-31 23:00:00.000 +0000,,1,
1122,7524,5574,2022-03-14 23:00:00.000 +0000,,1,
1123,7533,5522,2022-12-31 23:00:00.000 +0000,,1,
1124,7549,5527,2022-12-31 23:00:00.000 +0000,,1,
1125,7549,5559,2022-12-31 23:00:00.000 +0000,,1,
1126,7550,5527,2022-12-31 23:00:00.000 +0000,,1,
1127,7550,5559,2022-12-31 23:00:00.000 +0000,,1,
1128,7550,5574,2024-12-31 23:00:00.000 +0000,,1,
1129,7554,5527,2022-03-14 23:00:00.000 +0000,,1,
1130,7554,5559,2022-03-14 23:00:00.000 +0000,,1,
1131,7554,5562,2022-12-31 23:00:00.000 +0000,,1,
1132,7567,5559,2022-12-31 23:00:00.000 +0000,,1,
1133,7568,5527,2022-03-14 23:00:00.000 +0000,,1,
1134,7568,5559,2022-03-14 23:00:00.000 +0000,,1,
1135,7568,5562,2022-03-14 23:00:00.000 +0000,,1,
1136,7568,5563,2022-03-14 23:00:00.000 +0000,,1,
1137,7568,5564,2022-03-14 23:00:00.000 +0000,,1,
1138,7594,5527,2024-12-31 23:00:00.000 +0000,,1,
1139,7594,5528,2022-12-31 23:00:00.000 +0000,,1,
1140,7594,5530,2024-12-31 23:00:00.000 +0000,,1,
1141,7608,5527,2024-12-31 23:00:00.000 +0000,,1,
1142,7608,5558,2022-12-31 23:00:00.000 +0000,,1,
1143,7616,5593,2022-03-14 23:00:00.000 +0000,,1,
1144,7619,5527,2022-03-14 23:00:00.000 +0000,,1,
1145,7619,5562,2022-12-31 23:00:00.000 +0000,,1,
1146,7630,5527,2022-03-14 23:00:00.000 +0000,,1,
1147,7638,5527,2022-03-14 23:00:00.000 +0000,,1,
1148,7638,5558,2022-03-14 23:00:00.000 +0000,,1,
1149,7638,5559,2022-03-14 23:00:00.000 +0000,,1,
1150,7638,5562,2022-12-31 23:00:00.000 +0000,,1,
1151,7646,5527,2022-03-14 23:00:00.000 +0000,,1,
1152,7646,5558,2022-03-14 23:00:00.000 +0000,,1,
1153,7646,5559,2022-03-14 23:00:00.000 +0000,,1,
1154,7661,5527,2022-03-14 23:00:00.000 +0000,,1,
1155,7661,5593,2022-03-14 23:00:00.000 +0000,,1,
1156,7661,5595,2022-12-31 23:00:00.000 +0000,,1,
1157,7661,5658,2022-12-31 23:00:00.000 +0000,,1,
1158,7670,5593,2022-03-14 23:00:00.000 +0000,,1,
1159,7671,5527,2024-12-31 23:00:00.000 +0000,,1,
1160,7671,5593,2022-12-31 23:00:00.000 +0000,,1,
1161,7673,5593,2022-03-14 23:00:00.000 +0000,,1,
1162,7674,5527,2022-03-14 23:00:00.000 +0000,,1,
1163,7674,5537,2022-03-14 23:00:00.000 +0000,,1,
1164,7674,5562,2022-03-14 23:00:00.000 +0000,,1,
1165,7674,5593,2022-03-14 23:00:00.000 +0000,,1,
1166,7674,5594,2024-12-31 23:00:00.000 +0000,,1,
1167,7674,5595,2024-12-31 23:00:00.000 +0000,,1,
1169,7694,5527,2022-03-14 23:00:00.000 +0000,,1,
1170,7694,5558,2022-03-14 23:00:00.000 +0000,,1,
1171,7694,5559,2022-03-14 23:00:00.000 +0000,,1,
1172,7700,5593,2022-03-14 23:00:00.000 +0000,,1,
1173,7702,5528,2022-03-14 23:00:00.000 +0000,,1,
1174,7702,5529,2022-03-14 23:00:00.000 +0000,,1,
1175,7702,5530,2022-03-14 23:00:00.000 +0000,,1,
1176,7702,5593,2022-12-31 23:00:00.000 +0000,,1,
1177,7702,5594,2022-12-31 23:00:00.000 +0000,,1,
1179,7711,5534,2022-12-31 23:00:00.000 +0000,,1,
1180,7711,5593,2024-12-31 23:00:00.000 +0000,,1,
1181,7711,5594,2022-03-14 23:00:00.000 +0000,,1,
1182,7711,5658,2024-12-31 23:00:00.000 +0000,,,
1183,7727,5527,2022-12-31 23:00:00.000 +0000,,1,
1184,7727,5530,2024-12-31 23:00:00.000 +0000,,1,
1185,7727,5593,2022-12-31 23:00:00.000 +0000,,1,
1186,7734,5527,2024-12-31 23:00:00.000 +0000,,1,
1187,7734,5530,2024-12-31 23:00:00.000 +0000,,1,
1188,7734,5593,2022-03-14 23:00:00.000 +0000,,1,
1189,7748,5593,2022-03-14 23:00:00.000 +0000,,1,
1190,7749,5527,2022-12-31 23:00:00.000 +0000,,1,
1191,7749,5528,2022-12-31 23:00:00.000 +0000,,1,
1192,7749,5530,2022-03-14 23:00:00.000 +0000,,1,
1193,7753,5507,2022-03-14 23:00:00.000 +0000,,1,
1194,7753,5528,2024-12-31 23:00:00.000 +0000,,1,
1195,7753,5529,2022-03-14 23:00:00.000 +0000,,1,
1196,7753,5530,2022-03-14 23:00:00.000 +0000,,1,
1197,7753,5545,2022-03-14 23:00:00.000 +0000,,1,
1198,7753,5560,2024-12-31 23:00:00.000 +0000,,1,
1199,7753,5593,2024-12-31 23:00:00.000 +0000,,1,
1200,7753,5594,2022-03-14 23:00:00.000 +0000,,1,
1201,7753,5595,2022-03-14 23:00:00.000 +0000,,1,
1202,7753,5599,2022-12-31 23:00:00.000 +0000,,1,
1204,7777,5507,2022-03-14 23:00:00.000 +0000,,1,
1205,7777,5527,2024-12-31 23:00:00.000 +0000,,1,
1206,7777,5530,2024-12-31 23:00:00.000 +0000,,1,
1207,7777,5593,2022-03-14 23:00:00.000 +0000,,1,
1208,7783,5528,2022-03-14 23:00:00.000 +0000,,1,
1209,7783,5530,2022-03-14 23:00:00.000 +0000,,1,
1210,7783,5560,2024-12-31 23:00:00.000 +0000,,1,
1211,7783,5593,2022-12-31 23:00:00.000 +0000,,1,
1212,7783,5594,2022-03-14 23:00:00.000 +0000,,1,
1213,7783,5595,2024-12-31 23:00:00.000 +0000,,1,
1214,7783,5597,2022-03-14 23:00:00.000 +0000,,1,
1215,7783,5599,2022-03-14 23:00:00.000 +0000,,1,
1216,7783,5658,2022-12-31 23:00:00.000 +0000,,1,
1217,7794,5528,2022-12-31 23:00:00.000 +0000,,1,
1218,7794,5530,2022-03-14 23:00:00.000 +0000,,1,
1219,7794,5537,2022-03-14 23:00:00.000 +0000,,1,
1220,7794,5558,2022-03-14 23:00:00.000 +0000,,1,
1221,7794,5559,2022-03-14 23:00:00.000 +0000,,1,
1222,7798,5527,2022-12-31 23:00:00.000 +0000,,1,
1223,7798,5559,2022-12-31 23:00:00.000 +0000,,1,
1224,7798,5574,2022-12-31 23:00:00.000 +0000,,1,
1225,7828,5527,2022-03-14 23:00:00.000 +0000,,1,
1226,7828,5530,2022-03-14 23:00:00.000 +0000,,1,
1227,7828,5543,2024-12-31 23:00:00.000 +0000,,1,
1228,7828,5562,2022-12-31 23:00:00.000 +0000,,1,
1229,7828,5563,2024-12-31 23:00:00.000 +0000,,1,
1230,7828,5564,2024-12-31 23:00:00.000 +0000,,1,
1231,7860,5558,2022-12-31 23:00:00.000 +0000,,1,
1232,7860,5593,2022-03-14 23:00:00.000 +0000,,1,
1233,7867,5527,2022-03-14 23:00:00.000 +0000,,1,
1234,7867,5545,2022-12-31 23:00:00.000 +0000,,1,
1235,7867,5558,2022-03-14 23:00:00.000 +0000,,1,
1236,7867,5585,2022-03-14 23:00:00.000 +0000,,1,
1237,7879,5527,2022-03-14 23:00:00.000 +0000,,1,
1238,7879,5535,2024-12-31 23:00:00.000 +0000,,1,
1239,7879,5585,2022-03-14 23:00:00.000 +0000,,1,
1240,7879,5593,2022-12-31 23:00:00.000 +0000,,1,
1241,7901,5527,2024-12-31 23:00:00.000 +0000,,1,
1242,7901,5558,2022-03-14 23:00:00.000 +0000,,1,
1243,7913,5527,2022-03-14 23:00:00.000 +0000,,1,
1244,7913,5550,2022-03-14 23:00:00.000 +0000,,1,
1245,7913,5553,2024-12-31 23:00:00.000 +0000,,1,
1246,7913,5558,2022-12-31 23:00:00.000 +0000,,1,
1247,7916,5527,2022-03-14 23:00:00.000 +0000,,1,
1248,7919,5527,2022-03-14 23:00:00.000 +0000,,1,
1249,7919,5542,2022-03-14 23:00:00.000 +0000,,1,
1250,7919,5553,2022-03-14 23:00:00.000 +0000,,1,
1251,7919,5562,2022-12-31 23:00:00.000 +0000,,1,
1252,7919,5585,2022-12-31 23:00:00.000 +0000,,1,
1253,7927,5527,2022-03-14 23:00:00.000 +0000,,1,
1254,7927,5553,2022-03-14 23:00:00.000 +0000,,1,
1255,7928,5527,2022-03-14 23:00:00.000 +0000,,1,
1256,7928,5528,2022-03-14 23:00:00.000 +0000,,1,
1257,7928,5529,2022-03-14 23:00:00.000 +0000,,1,
1258,7928,5530,2022-03-14 23:00:00.000 +0000,,1,
1259,7928,5531,2022-03-14 23:00:00.000 +0000,,1,
1260,7928,5558,2022-03-14 23:00:00.000 +0000,,1,
1261,7928,5559,2022-03-14 23:00:00.000 +0000,,1,
1262,7942,5527,2022-03-14 23:00:00.000 +0000,,1,
1263,7950,5527,2022-03-14 23:00:00.000 +0000,,1,
1264,7950,5613,2022-12-31 23:00:00.000 +0000,,1,
1265,7956,5527,2022-03-14 23:00:00.000 +0000,,1,
1266,7970,5527,2024-12-31 23:00:00.000 +0000,,1,
1267,7970,5553,2022-03-14 23:00:00.000 +0000,,1,
1268,7970,5559,2022-03-14 23:00:00.000 +0000,,1,
1269,7970,5574,2022-03-14 23:00:00.000 +0000,,1,
1270,7983,5527,2022-03-14 23:00:00.000 +0000,,1,
1271,7983,5537,2024-12-31 23:00:00.000 +0000,,1,
1272,7983,5558,2022-03-14 23:00:00.000 +0000,,1,
1273,7983,5559,2022-03-14 23:00:00.000 +0000,,1,
1274,7989,5530,2022-12-31 23:00:00.000 +0000,,1,
1275,7989,5542,2022-03-14 23:00:00.000 +0000,,1,
1276,7989,5544,2022-03-14 23:00:00.000 +0000,,1,
1277,7989,5547,2022-03-14 23:00:00.000 +0000,,1,
1278,7989,5553,2022-03-14 23:00:00.000 +0000,,1,
1279,7989,5562,2022-12-31 23:00:00.000 +0000,,1,
1280,7989,5586,2022-03-14 23:00:00.000 +0000,,1,
1281,7993,5585,2022-12-31 23:00:00.000 +0000,,1,
1282,7993,5659,2023-12-31 23:00:00.000 +0000,,1,
1283,8005,5585,2022-03-14 23:00:00.000 +0000,,1,
1284,8006,5527,2022-03-14 23:00:00.000 +0000,,1,
1285,8006,5547,2024-12-31 23:00:00.000 +0000,,1,
1286,8006,5553,2022-03-14 23:00:00.000 +0000,,1,
1287,8009,5550,2022-12-31 23:00:00.000 +0000,,1,
1288,8009,5585,2022-03-14 23:00:00.000 +0000,,1,
1289,8009,5593,2022-12-31 23:00:00.000 +0000,,1,
1290,8009,5594,2022-12-31 23:00:00.000 +0000,,1,
1291,8024,5572,2024-12-31 23:00:00.000 +0000,,1,
1292,8025,5527,2022-12-31 23:00:00.000 +0000,,1,
1293,8025,5558,2022-12-31 23:00:00.000 +0000,,1,
1294,8025,5585,2022-12-31 23:00:00.000 +0000,,1,
1295,8025,5620,2022-03-14 23:00:00.000 +0000,,1,
1296,8025,5659,2022-12-31 23:00:00.000 +0000,,1,
1297,8037,5527,2022-12-31 23:00:00.000 +0000,,1,
1298,8037,5547,2022-03-14 23:00:00.000 +0000,,1,
1299,8037,5558,2022-12-31 23:00:00.000 +0000,,1,
1300,8037,5613,2022-12-31 23:00:00.000 +0000,,1,
1301,8045,5527,2022-03-14 23:00:00.000 +0000,,1,
1302,8045,5562,2023-12-31 23:00:00.000 +0000,,1,
1303,8045,5593,2023-12-31 23:00:00.000 +0000,,1,
1304,8047,5531,2023-12-31 23:00:00.000 +0000,,1,
1305,8047,5545,2022-12-31 23:00:00.000 +0000,,1,
1306,8048,5530,2022-03-14 23:00:00.000 +0000,,1,
1307,8048,5531,2022-03-14 23:00:00.000 +0000,,1,
1308,8049,5527,2022-12-31 23:00:00.000 +0000,,1,
1309,8049,5531,2022-03-14 23:00:00.000 +0000,,1,
1310,8052,5527,2022-03-14 23:00:00.000 +0000,,1,
1311,8052,5535,2024-12-31 23:00:00.000 +0000,,1,
1312,8052,5559,2022-03-14 23:00:00.000 +0000,,1,
1313,8052,5562,2022-12-31 23:00:00.000 +0000,,1,
1314,8065,5531,2023-12-31 23:00:00.000 +0000,,1,
1315,8066,5558,2022-12-31 23:00:00.000 +0000,,1,
1316,8066,5621,2022-12-31 23:00:00.000 +0000,,1,
1317,8066,5622,2024-12-31 23:00:00.000 +0000,,1,
1318,8120,5527,2024-12-31 23:00:00.000 +0000,,1,
1319,8120,5558,2024-12-31 23:00:00.000 +0000,,1,
1320,8126,5527,2022-03-14 23:00:00.000 +0000,,1,
1321,8126,5562,2022-12-31 23:00:00.000 +0000,,1,
1322,8139,5527,2022-03-14 23:00:00.000 +0000,,1,
1323,8139,5546,2022-03-14 23:00:00.000 +0000,,1,
1324,8139,5547,2022-03-14 23:00:00.000 +0000,,1,
1325,8139,5553,2022-03-14 23:00:00.000 +0000,,1,
1326,8139,5559,2022-03-14 23:00:00.000 +0000,,1,
1327,8139,5562,2022-12-31 23:00:00.000 +0000,,1,
1328,8147,5527,2022-03-14 23:00:00.000 +0000,,1,
1329,8153,5527,2022-03-14 23:00:00.000 +0000,,1,
1330,8153,5558,2022-12-31 23:00:00.000 +0000,,1,
1331,8153,5559,2022-03-14 23:00:00.000 +0000,,1,
1332,8153,5562,2024-12-31 23:00:00.000 +0000,,1,
1333,8184,5527,2022-03-14 23:00:00.000 +0000,,1,
1334,8184,5558,2022-03-14 23:00:00.000 +0000,,1,
1335,8184,5585,2022-12-31 23:00:00.000 +0000,,1,
1336,8197,5585,2022-03-14 23:00:00.000 +0000,,1,
1337,8214,5527,2024-12-31 23:00:00.000 +0000,,1,
1338,8214,5558,2024-12-31 23:00:00.000 +0000,,1,
1339,8261,5527,2024-12-31 23:00:00.000 +0000,,1,
1340,8261,5558,2022-03-14 23:00:00.000 +0000,,1,
1341,8261,5585,2022-12-31 23:00:00.000 +0000,,1,
1342,8272,5527,2022-12-31 23:00:00.000 +0000,,1,
1343,8272,5558,2024-12-31 23:00:00.000 +0000,,1,
1344,8287,5558,2024-12-31 23:00:00.000 +0000,,1,
1345,8307,5542,2022-03-14 23:00:00.000 +0000,,1,
1346,8338,5527,2024-12-31 23:00:00.000 +0000,,1,
1347,8338,5558,2022-03-14 23:00:00.000 +0000,,1,
1348,8338,5559,2022-03-14 23:00:00.000 +0000,,1,
1349,8347,5558,2022-03-14 23:00:00.000 +0000,,1,
1350,8347,5559,2022-03-14 23:00:00.000 +0000,,1,
1351,8361,5558,2022-03-14 23:00:00.000 +0000,,1,
1352,8361,5559,2022-03-14 23:00:00.000 +0000,,1,
1353,8362,5558,2022-03-14 23:00:00.000 +0000,,1,
1354,8362,5559,2024-12-31 23:00:00.000 +0000,,1,
1355,8370,5543,2022-03-14 23:00:00.000 +0000,,1,
1356,8370,5558,2022-03-14 23:00:00.000 +0000,,1,
1357,8370,5559,2022-03-14 23:00:00.000 +0000,,1,
1358,8419,5527,2022-03-14 23:00:00.000 +0000,,1,
1359,8419,5559,2024-12-31 23:00:00.000 +0000,,1,
1360,8419,5562,2022-12-31 23:00:00.000 +0000,,1,
1361,8449,5527,2022-12-31 23:00:00.000 +0000,,1,
1362,8449,5559,2022-12-31 23:00:00.000 +0000,,1,
1363,8449,5574,2022-12-31 23:00:00.000 +0000,,1,
1364,8462,5527,2022-12-31 23:00:00.000 +0000,,1,
1365,8462,5562,2022-12-31 23:00:00.000 +0000,,1,
1366,8477,5527,2022-03-14 23:00:00.000 +0000,,1,
1367,8477,5559,2022-12-31 23:00:00.000 +0000,,1,
1368,8477,5562,2024-12-31 23:00:00.000 +0000,,1,
1369,8485,5527,2024-12-31 23:00:00.000 +0000,,1,
1370,8485,5559,2022-03-14 23:00:00.000 +0000,,1,
1371,8485,5562,2024-12-31 23:00:00.000 +0000,,1,
1372,8499,5527,2024-12-31 23:00:00.000 +0000,,1,
1373,8499,5559,2022-03-14 23:00:00.000 +0000,,1,
1374,8499,5562,2022-12-31 23:00:00.000 +0000,,1,
1375,8506,5554,2024-12-31 23:00:00.000 +0000,,1,
1376,6729,5570,2022-12-31 23:00:00.000 +0000,,2,
1377,6832,5570,2022-12-31 23:00:00.000 +0000,,2,
1378,6832,5689,2022-12-31 23:00:00.000 +0000,,2,
1379,6839,5456,2022-12-31 23:00:00.000 +0000,,2,
1380,6843,5454,2021-12-31 23:00:00.000 +0000,,2,
1381,6844,5454,2021-12-31 23:00:00.000 +0000,,2,
1382,6845,5454,2021-12-31 23:00:00.000 +0000,,2,
1383,6878,5570,2022-12-31 23:00:00.000 +0000,,2,
1384,6878,5689,2022-12-31 23:00:00.000 +0000,,2,
1385,6923,5570,2022-12-31 23:00:00.000 +0000,,2,
1386,6923,5686,2022-12-31 23:00:00.000 +0000,,2,
1387,6923,5688,2022-12-31 23:00:00.000 +0000,,2,
1388,6923,5689,2022-12-31 23:00:00.000 +0000,,2,
1389,6945,5686,2022-12-31 23:00:00.000 +0000,,2,
1390,6953,5686,2022-12-31 23:00:00.000 +0000,,2,
1391,6973,5570,2022-12-31 23:00:00.000 +0000,,2,
1392,6997,5520,2022-12-31 23:00:00.000 +0000,,2,
1393,7021,5570,2022-12-31 23:00:00.000 +0000,,2,
1394,7093,5520,2022-12-31 23:00:00.000 +0000,,2,
1395,7093,5570,2022-12-31 23:00:00.000 +0000,,2,
1396,7151,5570,2022-12-31 23:00:00.000 +0000,,2,
1397,7194,5570,2022-12-31 23:00:00.000 +0000,,2,
1398,7217,5455,2022-12-31 23:00:00.000 +0000,,2,
1399,7217,5486,2022-12-31 23:00:00.000 +0000,,2,
1400,7217,5688,2022-12-31 23:00:00.000 +0000,,2,
1401,7230,5486,2022-12-31 23:00:00.000 +0000,,2,
1402,7230,5570,2022-12-31 23:00:00.000 +0000,,2,
1403,7230,5688,2022-12-31 23:00:00.000 +0000,,2,
1404,7230,5689,2022-12-31 23:00:00.000 +0000,,2,
1405,7267,5570,2022-12-31 23:00:00.000 +0000,,2,
1406,7335,5570,2022-12-31 23:00:00.000 +0000,,2,
1407,7554,5570,2022-12-31 23:00:00.000 +0000,,2,
1408,7568,5570,2022-12-31 23:00:00.000 +0000,,2,
1409,7594,5570,2022-12-31 23:00:00.000 +0000,,2,
1410,7608,5455,2022-12-31 23:00:00.000 +0000,,2,
1411,7616,5455,2022-12-31 23:00:00.000 +0000,,2,
1412,7619,5455,2022-12-31 23:00:00.000 +0000,,2,
1413,7619,5570,2022-12-31 23:00:00.000 +0000,,2,
1414,7619,5686,2022-12-31 23:00:00.000 +0000,,2,
1415,7661,5570,2022-12-31 23:00:00.000 +0000,,2,
1416,7661,5687,2022-12-31 23:00:00.000 +0000,,2,
1417,7674,5570,2022-12-31 23:00:00.000 +0000,,2,
1418,7711,5570,2022-12-31 23:00:00.000 +0000,,2,
1419,7828,5570,2022-12-31 23:00:00.000 +0000,,2,
1420,7860,5454,2022-12-31 23:00:00.000 +0000,,2,
1421,7860,5486,2022-03-14 23:00:00.000 +0000,,2,
1422,7867,5454,2022-12-31 23:00:00.000 +0000,,2,
1423,7867,5486,2022-03-14 23:00:00.000 +0000,,2,
1424,7879,5454,2022-12-31 23:00:00.000 +0000,,2,
1425,7879,5486,2022-12-31 23:00:00.000 +0000,,2,
1426,7898,5454,2022-12-31 23:00:00.000 +0000,,2,
1427,7958,5454,2022-12-31 23:00:00.000 +0000,,2,
1428,7970,5570,2022-12-31 23:00:00.000 +0000,,2,
1429,7970,5693,2022-12-31 23:00:00.000 +0000,,2,
1430,7983,5570,2022-12-31 23:00:00.000 +0000,,2,
1431,7983,5684,2023-12-31 23:00:00.000 +0000,,2,
1432,7983,5693,2022-12-31 23:00:00.000 +0000,,2,
1433,8009,5489,2024-12-31 23:00:00.000 +0000,,2,
1434,8009,5490,2024-12-31 23:00:00.000 +0000,,2,
1435,8009,5491,2024-12-31 23:00:00.000 +0000,,2,
1436,8009,5492,2024-12-31 23:00:00.000 +0000,,2,
1437,8009,5503,2021-12-31 23:00:00.000 +0000,,2,
1439,8009,5504,2024-12-31 23:00:00.000 +0000,,2,
1440,8009,5684,2024-12-31 23:00:00.000 +0000,,2,
1441,8013,5489,2021-12-31 23:00:00.000 +0000,,2,
1442,8013,5490,2021-12-31 23:00:00.000 +0000,,2,
1443,8013,5491,2021-12-31 23:00:00.000 +0000,,2,
1444,8013,5492,2021-12-31 23:00:00.000 +0000,,2,
1445,8013,5503,2021-12-31 23:00:00.000 +0000,,2,
1446,8013,5504,2021-12-31 23:00:00.000 +0000,,2,
1447,8013,5684,2023-12-31 23:00:00.000 +0000,,2,
1448,8013,5693,2021-12-31 23:00:00.000 +0000,,2,
1449,8025,5570,2022-12-31 23:00:00.000 +0000,,2,
1450,8025,5583,2023-12-31 23:00:00.000 +0000,,2,
1451,8052,5570,2022-12-31 23:00:00.000 +0000,,2,
1452,8126,5570,2022-12-31 23:00:00.000 +0000,,2,
1453,8139,5570,2022-12-31 23:00:00.000 +0000,,2,
1454,8147,5570,2022-12-31 23:00:00.000 +0000,,2,
1455,8182,5570,2022-12-31 23:00:00.000 +0000,,2,
1456,8214,5689,2023-12-31 23:00:00.000 +0000,,2,
1457,8307,5570,2022-12-31 23:00:00.000 +0000,,2,
1458,8398,5570,2022-12-31 23:00:00.000 +0000,,2,
1459,8422,5570,2022-12-31 23:00:00.000 +0000,,2,
1460,8466,5570,2022-12-31 23:00:00.000 +0000,,2,
1461,8482,5570,2022-12-31 23:00:00.000 +0000,,2,
1462,8485,5486,2022-12-31 23:00:00.000 +0000,,2,
1463,8492,5486,2022-12-31 23:00:00.000 +0000,,2,
1464,8492,5520,2022-12-31 23:00:00.000 +0000,,2,
1465,8498,5570,2022-12-31 23:00:00.000 +0000,,2,
1466,8499,5570,2022-12-31 23:00:00.000 +0000,,2,
1467,8505,5570,2022-12-31 23:00:00.000 +0000,,2,
1468,8517,5570,2022-12-31 23:00:00.000 +0000,,2,
1469,6751,5530,2025-12-31 23:00:00.000 +0000,,1,
1470,7753,5658,2025-12-31 23:00:00.000 +0000,,1,
1471,7702,5527,2025-12-31 23:00:00.000 +0000,,1,
1472,7753,5527,2025-12-31 23:00:00.000 +0000,,1,
1474,8398,5554,2025-12-31 23:00:00.000 +0000,,1,
1475,7674,5658,2025-12-31 23:00:00.000 +0000,,1,
1476,7702,5658,2025-12-31 23:00:00.000 +0000,,1,
