id,coding,valid_from,valid_until,accounting_profile,lab_location
1,10001,1970-01-01 00:00:00+00,,,
2,10002,1970-01-01 00:00:00+00,,,
3,10003,1970-01-01 00:00:00+00,,,
4,10004,1970-01-01 00:00:00+00,,,
5,10005,1970-01-01 00:00:00+00,,,
6,10006,1970-01-01 00:00:00+00,,,
7,10007,1970-01-01 00:00:00+00,,,
8,10008,1970-01-01 00:00:00+00,,,
9,10009,1970-01-01 00:00:00+00,,,
10,10010,1970-01-01 00:00:00+00,,,
11,10011,1970-01-01 00:00:00+00,,,
12,10012,1970-01-01 00:00:00+00,,,
13,10013,1970-01-01 00:00:00+00,,,
14,10014,1970-01-01 00:00:00+00,,,
15,10015,1970-01-01 00:00:00+00,,,
16,10016,1970-01-01 00:00:00+00,,,
17,10017,1970-01-01 00:00:00+00,,,
18,10018,1970-01-01 00:00:00+00,,,
19,10019,1970-01-01 00:00:00+00,,,
20,10020,1970-01-01 00:00:00+00,,,
21,10021,1970-01-01 00:00:00+00,,,
22,10022,1970-01-01 00:00:00+00,,,
23,10023,1970-01-01 00:00:00+00,,,
24,10024,1970-01-01 00:00:00+00,,,
25,10025,1970-01-01 00:00:00+00,,,
26,10026,1970-01-01 00:00:00+00,,,
27,10027,1970-01-01 00:00:00+00,,,
28,10028,1970-01-01 00:00:00+00,,,
29,10029,1970-01-01 00:00:00+00,,,
30,10030,1970-01-01 00:00:00+00,,,
31,10031,1970-01-01 00:00:00+00,,,
32,10032,1970-01-01 00:00:00+00,,,
33,10033,1970-01-01 00:00:00+00,,,
34,10034,1970-01-01 00:00:00+00,,,
35,10035,1970-01-01 00:00:00+00,,,
36,10036,1970-01-01 00:00:00+00,,,
37,10037,1970-01-01 00:00:00+00,,,
38,10038,1970-01-01 00:00:00+00,,,
39,10039,1970-01-01 00:00:00+00,,,
40,10040,1970-01-01 00:00:00+00,,,
41,10041,1970-01-01 00:00:00+00,,,
42,10042,1970-01-01 00:00:00+00,,,
43,10043,1970-01-01 00:00:00+00,,,
44,10044,1970-01-01 00:00:00+00,,,
45,10045,1970-01-01 00:00:00+00,,,
46,10046,1970-01-01 00:00:00+00,,,
47,10047,1970-01-01 00:00:00+00,,,
48,10048,1970-01-01 00:00:00+00,,,
49,10049,1970-01-01 00:00:00+00,,,
50,10050,1970-01-01 00:00:00+00,,,
51,10051,1970-01-01 00:00:00+00,,,
52,10052,1970-01-01 00:00:00+00,,,
53,10053,1970-01-01 00:00:00+00,,,
54,10054,1970-01-01 00:00:00+00,,,
55,10055,1970-01-01 00:00:00+00,,,
56,10056,1970-01-01 00:00:00+00,,,
57,10057,1970-01-01 00:00:00+00,,,
58,10058,1970-01-01 00:00:00+00,,,
59,10059,1970-01-01 00:00:00+00,,,
60,10060,1970-01-01 00:00:00+00,,,
61,10061,1970-01-01 00:00:00+00,,,
62,10062,1970-01-01 00:00:00+00,,,
63,10063,1970-01-01 00:00:00+00,,,
64,10064,1970-01-01 00:00:00+00,,,
65,10065,1970-01-01 00:00:00+00,,,
66,10066,1970-01-01 00:00:00+00,,,
67,10067,1970-01-01 00:00:00+00,,,
68,10068,1970-01-01 00:00:00+00,,,
69,10069,1970-01-01 00:00:00+00,,,
70,10070,1970-01-01 00:00:00+00,,,
71,10071,1970-01-01 00:00:00+00,,,
72,10072,1970-01-01 00:00:00+00,,,
73,10073,1970-01-01 00:00:00+00,,,
74,10074,1970-01-01 00:00:00+00,,,
75,10075,1970-01-01 00:00:00+00,,,
76,10076,1970-01-01 00:00:00+00,,,
77,10077,1970-01-01 00:00:00+00,,,
78,10078,1970-01-01 00:00:00+00,,,
79,10079,1970-01-01 00:00:00+00,,,
80,10080,1970-01-01 00:00:00+00,,,
81,10081,1970-01-01 00:00:00+00,,,
82,10082,1970-01-01 00:00:00+00,,,
83,10083,1970-01-01 00:00:00+00,,,
84,10084,1970-01-01 00:00:00+00,,,
85,10085,1970-01-01 00:00:00+00,,,
86,10086,1970-01-01 00:00:00+00,,,
87,10087,1970-01-01 00:00:00+00,,,
88,10088,1970-01-01 00:00:00+00,,,
89,10089,1970-01-01 00:00:00+00,,,
90,10090,1970-01-01 00:00:00+00,,,
91,10091,1970-01-01 00:00:00+00,,,
92,10092,1970-01-01 00:00:00+00,,,
93,10093,1970-01-01 00:00:00+00,,,
94,10094,1970-01-01 00:00:00+00,,,
95,10095,1970-01-01 00:00:00+00,,,
96,10096,1970-01-01 00:00:00+00,,,
97,10097,1970-01-01 00:00:00+00,,,
98,10098,1970-01-01 00:00:00+00,,,
99,10099,1970-01-01 00:00:00+00,,,
100,10100,1970-01-01 00:00:00+00,,,
101,10101,1970-01-01 00:00:00+00,,,
102,10102,1970-01-01 00:00:00+00,,,
103,10103,1970-01-01 00:00:00+00,,,
104,10104,1970-01-01 00:00:00+00,,,
105,10105,1970-01-01 00:00:00+00,,,
106,10106,1970-01-01 00:00:00+00,,,
107,10107,1970-01-01 00:00:00+00,,,
108,10108,1970-01-01 00:00:00+00,,,
109,10109,1970-01-01 00:00:00+00,,,
110,10110,1970-01-01 00:00:00+00,,,
111,10111,1970-01-01 00:00:00+00,,,
112,10112,1970-01-01 00:00:00+00,,,
113,10113,1970-01-01 00:00:00+00,,,
114,10114,1970-01-01 00:00:00+00,,,
115,10115,1970-01-01 00:00:00+00,,,
116,10116,1970-01-01 00:00:00+00,,,
117,10117,1970-01-01 00:00:00+00,,,
118,10118,1970-01-01 00:00:00+00,,,
119,10119,1970-01-01 00:00:00+00,,,
120,10120,1970-01-01 00:00:00+00,,,
121,10121,1970-01-01 00:00:00+00,,,
122,10122,1970-01-01 00:00:00+00,,,
123,10123,1970-01-01 00:00:00+00,,,
124,10124,1970-01-01 00:00:00+00,,,
125,10125,1970-01-01 00:00:00+00,,,
126,10126,1970-01-01 00:00:00+00,,,
127,10127,1970-01-01 00:00:00+00,,,
128,10128,1970-01-01 00:00:00+00,,,
129,10129,1970-01-01 00:00:00+00,,,
130,10130,1970-01-01 00:00:00+00,,,
131,10131,1970-01-01 00:00:00+00,,,
132,10132,1970-01-01 00:00:00+00,,,
133,10133,1970-01-01 00:00:00+00,,,
134,10134,1970-01-01 00:00:00+00,,,
135,10135,1970-01-01 00:00:00+00,,,
136,10136,1970-01-01 00:00:00+00,,,
137,10137,1970-01-01 00:00:00+00,,,
138,10138,1970-01-01 00:00:00+00,,,
139,10139,1970-01-01 00:00:00+00,,,
140,10140,1970-01-01 00:00:00+00,,,
141,10141,1970-01-01 00:00:00+00,,,
142,10142,1970-01-01 00:00:00+00,,,
143,10143,1970-01-01 00:00:00+00,,,
144,10144,1970-01-01 00:00:00+00,,,
145,10145,1970-01-01 00:00:00+00,,,
146,10146,1970-01-01 00:00:00+00,,,
147,10147,1970-01-01 00:00:00+00,,,
148,10148,1970-01-01 00:00:00+00,,,
149,10149,1970-01-01 00:00:00+00,,,
150,10150,1970-01-01 00:00:00+00,,,
151,10151,1970-01-01 00:00:00+00,,,
152,10152,1970-01-01 00:00:00+00,,,
153,10153,1970-01-01 00:00:00+00,,,
154,10154,1970-01-01 00:00:00+00,,,
155,10155,1970-01-01 00:00:00+00,,,
156,10156,1970-01-01 00:00:00+00,,,
157,10157,1970-01-01 00:00:00+00,,,
158,10158,1970-01-01 00:00:00+00,,,
159,10159,1970-01-01 00:00:00+00,,,
160,10160,1970-01-01 00:00:00+00,,,
161,10161,1970-01-01 00:00:00+00,,,
162,10162,1970-01-01 00:00:00+00,,,
163,10163,1970-01-01 00:00:00+00,,,
164,10164,1970-01-01 00:00:00+00,,,
165,10165,1970-01-01 00:00:00+00,,,
166,10166,1970-01-01 00:00:00+00,,,
167,10167,1970-01-01 00:00:00+00,,,
168,10168,1970-01-01 00:00:00+00,,,
169,10169,1970-01-01 00:00:00+00,,,
170,10170,1970-01-01 00:00:00+00,,,
171,10171,1970-01-01 00:00:00+00,,,
172,10172,1970-01-01 00:00:00+00,,,
173,10173,1970-01-01 00:00:00+00,,,
174,10174,1970-01-01 00:00:00+00,,,
175,10175,1970-01-01 00:00:00+00,,,
176,10176,1970-01-01 00:00:00+00,,,
177,10177,1970-01-01 00:00:00+00,,,
178,10178,1970-01-01 00:00:00+00,,,
179,10179,1970-01-01 00:00:00+00,,,
180,10180,1970-01-01 00:00:00+00,,,
181,10181,1970-01-01 00:00:00+00,,,
182,10182,1970-01-01 00:00:00+00,,,
183,10183,1970-01-01 00:00:00+00,,,
184,10184,1970-01-01 00:00:00+00,,,
185,10185,1970-01-01 00:00:00+00,,,
186,10186,1970-01-01 00:00:00+00,,,
187,10187,1970-01-01 00:00:00+00,,,
188,10188,1970-01-01 00:00:00+00,,,
189,10189,1970-01-01 00:00:00+00,,,
190,10190,1970-01-01 00:00:00+00,,,
191,10191,1970-01-01 00:00:00+00,,,
192,10192,1970-01-01 00:00:00+00,,,
193,10193,1970-01-01 00:00:00+00,,,
194,10194,1970-01-01 00:00:00+00,,,
195,10195,1970-01-01 00:00:00+00,,,
196,10196,1970-01-01 00:00:00+00,,,
197,10197,1970-01-01 00:00:00+00,,,
198,10198,1970-01-01 00:00:00+00,,,
199,10199,1970-01-01 00:00:00+00,,,
200,10200,1970-01-01 00:00:00+00,,,
